,Similarity Run,Hybrid Run,Difference
faithfulness,0.8800000000000001,0.9071428571428571,-0.027142857142857024
answer_relevancy,0.9503529811206967,0.9464499599527108,0.0039030211679859095
context_precision,0.6938378684672207,0.6332566909402695,0.060581177526951246
context_recall,1.0,0.9666666666666666,0.03333333333333344
answer_correctness,0.7722231291680036,0.5421852328334025,0.23003789633460114
answer_similarity,0.9370523407189353,0.9293469919396706,0.0077053487792646536
