,Similarity Run,Hybrid Run,Difference
faithfulness,0.8571428571428571,0.9166666666666667,-0.059523809523809645
answer_relevancy,0.954866469382576,0.9415322919765818,0.013334177405994185
context_precision,0.6855918367210609,0.8373848467471843,-0.15179301002612333
context_recall,1.0,0.9629629629629629,0.03703703703703709
answer_correctness,0.6971956266537709,0.6802627429881614,0.01693288366560952
answer_similarity,0.935583396056046,0.9313742735962338,0.004209122459812198
